file_name,processed_chars_count,cleaned_chars_count,words_count,lines_count,arabic_chars_count,avg_word_chars,avg_line_words,diacritics_count,diacritics_percentage,no_diacritics_percentage,one_diacritics_percentage,two_diacritics_percentage,error_diacritics_percentage,min_line_chars,max_line_chars,min_line_words,max_line_words
train.txt,19674870,11860674,2249373,10001,9017016,4.008679752090916,224.9148085191481,7814196,80.9425424109262,19.057457589073813,75.22453104219844,5.718011368727748,0.0,0,14480,1,3301
test.txt,976551,588396,111456,501,448500,4.02400947459087,222.46706586826346,388155,80.84927536231883,19.150724637681158,75.15340022296544,5.6958751393534,0.0,0,2458,1,504
val.txt,980041,590864,111886,501,448884,4.0119764760559855,223.3253493013972,389177,81.07751668582529,18.92248331417471,75.4562425927411,5.621274093084182,0.0,0,2347,1,512
