file_name,processed_chars_count,cleaned_chars_count,words_count,lines_count,arabic_chars_count,avg_word_chars,avg_line_words,diacritics_count,diacritics_percentage,no_diacritics_percentage,one_diacritics_percentage,two_diacritics_percentage,error_diacritics_percentage,min_line_chars,max_line_chars,min_line_words,max_line_words
train.txt,19674871,11860674,2249373,10001,9017016,4.00867975209092,224.914808519148,7814197,80.9425867714996,19.0574132285004,75.2246086732019,5.71797809829771,0,0,14480,1,3301
test.txt,976551,588396,111456,501,448500,4.02400947459087,222.467065868263,388155,80.8492753623188,19.1507246376812,75.1534002229654,5.6958751393534,0,0,2458,1,504
val.txt,980041,590864,111886,501,448884,4.01197647605599,223.325349301397,389177,81.0775166858253,18.9224833141747,75.4562425927411,5.62127409308418,0,0,2347,1,512
